COSMIC_ID,TISSUE,STAGE,CELL_LINE_NAME,CANCER_TYPE
1000000,Blood,II,CELL_0,Leukemia
1000001,Skin,IV,CELL_1,Melanoma
1000002,Colon,III,CELL_2,Colorectal
1000003,Blood,III,CELL_3,Leukemia
1000004,Blood,III,CELL_4,Leukemia
1000005,Breast,III,CELL_5,Adenocarcinoma
1000006,Lung,IV,CELL_6,NSCLC
1000007,Breast,IV,CELL_7,Adenocarcinoma
1000008,Lung,III,CELL_8,NSCLC
1000009,Lung,II,CELL_9,NSCLC
1000010,Blood,IV,CELL_10,Leukemia
1000011,Lung,I,CELL_11,NSCLC
1000012,Colon,II,CELL_12,Colorectal
1000013,Colon,IV,CELL_13,Colorectal
1000014,Colon,II,CELL_14,Colorectal
1000015,Blood,II,CELL_15,Leukemia
1000016,Breast,I,CELL_16,Adenocarcinoma
1000017,Skin,IV,CELL_17,Melanoma
1000018,Lung,III,CELL_18,NSCLC
1000019,Skin,III,CELL_19,Melanoma
1000020,Breast,II,CELL_20,Adenocarcinoma
1000021,Breast,IV,CELL_21,Adenocarcinoma
1000022,Blood,IV,CELL_22,Leukemia
1000023,Colon,II,CELL_23,Colorectal
1000024,Colon,III,CELL_24,Colorectal
1000025,Breast,II,CELL_25,Adenocarcinoma
1000026,Blood,IV,CELL_26,Leukemia
1000027,Blood,III,CELL_27,Leukemia
1000028,Lung,IV,CELL_28,NSCLC
1000029,Colon,II,CELL_29,Colorectal
1000030,Breast,IV,CELL_30,Adenocarcinoma
1000031,Skin,IV,CELL_31,Melanoma
1000032,Colon,III,CELL_32,Colorectal
1000033,Lung,IV,CELL_33,NSCLC
1000034,Blood,II,CELL_34,Leukemia
1000035,Breast,I,CELL_35,Adenocarcinoma
1000036,Colon,III,CELL_36,Colorectal
1000037,Skin,III,CELL_37,Melanoma
1000038,Lung,III,CELL_38,NSCLC
1000039,Lung,II,CELL_39,NSCLC
1000040,Colon,III,CELL_40,Colorectal
1000041,Skin,II,CELL_41,Melanoma
1000042,Lung,III,CELL_42,NSCLC
1000043,Breast,III,CELL_43,Adenocarcinoma
1000044,Lung,III,CELL_44,NSCLC
1000045,Skin,II,CELL_45,Melanoma
1000046,Blood,III,CELL_46,Leukemia
1000047,Blood,II,CELL_47,Leukemia
1000048,Colon,II,CELL_48,Colorectal
1000049,Skin,IV,CELL_49,Melanoma
1000050,Lung,IV,CELL_50,NSCLC
1000051,Lung,II,CELL_51,NSCLC
1000052,Blood,IV,CELL_52,Leukemia
1000053,Blood,IV,CELL_53,Leukemia
1000054,Breast,IV,CELL_54,Adenocarcinoma
1000055,Blood,II,CELL_55,Leukemia
1000056,Breast,IV,CELL_56,Adenocarcinoma
1000057,Lung,II,CELL_57,NSCLC
1000058,Breast,II,CELL_58,Adenocarcinoma
1000059,Breast,I,CELL_59,Adenocarcinoma
1000060,Colon,III,CELL_60,Colorectal
1000061,Blood,I,CELL_61,Leukemia
1000062,Breast,II,CELL_62,Adenocarcinoma
1000063,Lung,II,CELL_63,NSCLC
1000064,Skin,IV,CELL_64,Melanoma
1000065,Breast,IV,CELL_65,Adenocarcinoma
1000066,Blood,II,CELL_66,Leukemia
1000067,Colon,IV,CELL_67,Colorectal
1000068,Lung,IV,CELL_68,NSCLC
1000069,Colon,IV,CELL_69,Colorectal
1000070,Skin,I,CELL_70,Melanoma
1000071,Breast,III,CELL_71,Adenocarcinoma
1000072,Breast,IV,CELL_72,Adenocarcinoma
1000073,Blood,III,CELL_73,Leukemia
1000074,Breast,II,CELL_74,Adenocarcinoma
1000075,Lung,III,CELL_75,NSCLC
1000076,Skin,III,CELL_76,Melanoma
1000077,Colon,III,CELL_77,Colorectal
1000078,Skin,I,CELL_78,Melanoma
1000079,Breast,II,CELL_79,Adenocarcinoma
1000080,Colon,IV,CELL_80,Colorectal
1000081,Blood,IV,CELL_81,Leukemia
1000082,Skin,I,CELL_82,Melanoma
1000083,Colon,IV,CELL_83,Colorectal
1000084,Colon,II,CELL_84,Colorectal
1000085,Colon,III,CELL_85,Colorectal
1000086,Lung,IV,CELL_86,NSCLC
1000087,Skin,IV,CELL_87,Melanoma
1000088,Colon,IV,CELL_88,Colorectal
1000089,Skin,II,CELL_89,Melanoma
1000090,Colon,IV,CELL_90,Colorectal
1000091,Blood,I,CELL_91,Leukemia
1000092,Blood,III,CELL_92,Leukemia
1000093,Blood,III,CELL_93,Leukemia
1000094,Breast,III,CELL_94,Adenocarcinoma
1000095,Colon,II,CELL_95,Colorectal
1000096,Breast,IV,CELL_96,Adenocarcinoma
1000097,Skin,II,CELL_97,Melanoma
1000098,Breast,I,CELL_98,Adenocarcinoma
1000099,Skin,III,CELL_99,Melanoma
1000100,Skin,III,CELL_100,Melanoma
1000101,Skin,IV,CELL_101,Melanoma
1000102,Breast,II,CELL_102,Adenocarcinoma
1000103,Colon,II,CELL_103,Colorectal
1000104,Breast,IV,CELL_104,Adenocarcinoma
1000105,Colon,III,CELL_105,Colorectal
1000106,Colon,II,CELL_106,Colorectal
1000107,Skin,III,CELL_107,Melanoma
1000108,Breast,III,CELL_108,Adenocarcinoma
1000109,Colon,III,CELL_109,Colorectal
1000110,Blood,III,CELL_110,Leukemia
1000111,Colon,IV,CELL_111,Colorectal
1000112,Blood,IV,CELL_112,Leukemia
1000113,Breast,III,CELL_113,Adenocarcinoma
1000114,Breast,I,CELL_114,Adenocarcinoma
1000115,Breast,IV,CELL_115,Adenocarcinoma
1000116,Colon,III,CELL_116,Colorectal
1000117,Lung,III,CELL_117,NSCLC
1000118,Colon,II,CELL_118,Colorectal
1000119,Colon,IV,CELL_119,Colorectal
1000120,Skin,III,CELL_120,Melanoma
1000121,Skin,I,CELL_121,Melanoma
1000122,Colon,III,CELL_122,Colorectal
1000123,Blood,IV,CELL_123,Leukemia
1000124,Skin,I,CELL_124,Melanoma
1000125,Colon,IV,CELL_125,Colorectal
1000126,Lung,III,CELL_126,NSCLC
1000127,Blood,III,CELL_127,Leukemia
1000128,Breast,II,CELL_128,Adenocarcinoma
1000129,Colon,II,CELL_129,Colorectal
1000130,Colon,IV,CELL_130,Colorectal
1000131,Blood,II,CELL_131,Leukemia
1000132,Skin,IV,CELL_132,Melanoma
1000133,Skin,II,CELL_133,Melanoma
1000134,Skin,I,CELL_134,Melanoma
1000135,Breast,I,CELL_135,Adenocarcinoma
1000136,Blood,III,CELL_136,Leukemia
1000137,Blood,IV,CELL_137,Leukemia
1000138,Skin,II,CELL_138,Melanoma
1000139,Skin,II,CELL_139,Melanoma
1000140,Lung,II,CELL_140,NSCLC
1000141,Lung,III,CELL_141,NSCLC
1000142,Colon,III,CELL_142,Colorectal
1000143,Colon,IV,CELL_143,Colorectal
1000144,Blood,III,CELL_144,Leukemia
1000145,Blood,III,CELL_145,Leukemia
1000146,Breast,I,CELL_146,Adenocarcinoma
1000147,Breast,IV,CELL_147,Adenocarcinoma
1000148,Lung,II,CELL_148,NSCLC
1000149,Colon,I,CELL_149,Colorectal
1000150,Lung,III,CELL_150,NSCLC
1000151,Lung,III,CELL_151,NSCLC
1000152,Colon,III,CELL_152,Colorectal
1000153,Breast,III,CELL_153,Adenocarcinoma
1000154,Colon,IV,CELL_154,Colorectal
1000155,Skin,II,CELL_155,Melanoma
1000156,Skin,IV,CELL_156,Melanoma
1000157,Skin,III,CELL_157,Melanoma
1000158,Blood,III,CELL_158,Leukemia
1000159,Breast,III,CELL_159,Adenocarcinoma
1000160,Breast,II,CELL_160,Adenocarcinoma
1000161,Blood,IV,CELL_161,Leukemia
1000162,Lung,III,CELL_162,NSCLC
1000163,Skin,II,CELL_163,Melanoma
1000164,Skin,III,CELL_164,Melanoma
1000165,Lung,IV,CELL_165,NSCLC
1000166,Colon,III,CELL_166,Colorectal
1000167,Colon,IV,CELL_167,Colorectal
1000168,Breast,II,CELL_168,Adenocarcinoma
1000169,Blood,I,CELL_169,Leukemia
1000170,Breast,II,CELL_170,Adenocarcinoma
1000171,Colon,III,CELL_171,Colorectal
1000172,Lung,II,CELL_172,NSCLC
1000173,Breast,I,CELL_173,Adenocarcinoma
1000174,Skin,IV,CELL_174,Melanoma
1000175,Skin,IV,CELL_175,Melanoma
1000176,Lung,III,CELL_176,NSCLC
1000177,Colon,II,CELL_177,Colorectal
1000178,Skin,I,CELL_178,Melanoma
1000179,Skin,I,CELL_179,Melanoma
1000180,Blood,III,CELL_180,Leukemia
1000181,Breast,IV,CELL_181,Adenocarcinoma
1000182,Colon,III,CELL_182,Colorectal
1000183,Breast,I,CELL_183,Adenocarcinoma
1000184,Colon,III,CELL_184,Colorectal
1000185,Skin,II,CELL_185,Melanoma
1000186,Blood,II,CELL_186,Leukemia
1000187,Breast,III,CELL_187,Adenocarcinoma
1000188,Skin,III,CELL_188,Melanoma
1000189,Colon,I,CELL_189,Colorectal
1000190,Breast,I,CELL_190,Adenocarcinoma
1000191,Breast,IV,CELL_191,Adenocarcinoma
1000192,Skin,II,CELL_192,Melanoma
1000193,Breast,I,CELL_193,Adenocarcinoma
1000194,Blood,II,CELL_194,Leukemia
1000195,Blood,I,CELL_195,Leukemia
1000196,Skin,II,CELL_196,Melanoma
1000197,Colon,IV,CELL_197,Colorectal
1000198,Skin,II,CELL_198,Melanoma
1000199,Blood,III,CELL_199,Leukemia
1000200,Lung,III,CELL_200,NSCLC
1000201,Lung,III,CELL_201,NSCLC
1000202,Breast,IV,CELL_202,Adenocarcinoma
1000203,Breast,IV,CELL_203,Adenocarcinoma
1000204,Lung,I,CELL_204,NSCLC
1000205,Blood,IV,CELL_205,Leukemia
1000206,Breast,III,CELL_206,Adenocarcinoma
1000207,Skin,IV,CELL_207,Melanoma
1000208,Skin,III,CELL_208,Melanoma
1000209,Blood,IV,CELL_209,Leukemia
1000210,Breast,IV,CELL_210,Adenocarcinoma
1000211,Skin,II,CELL_211,Melanoma
1000212,Breast,III,CELL_212,Adenocarcinoma
1000213,Breast,IV,CELL_213,Adenocarcinoma
1000214,Skin,IV,CELL_214,Melanoma
1000215,Lung,I,CELL_215,NSCLC
1000216,Skin,III,CELL_216,Melanoma
1000217,Blood,II,CELL_217,Leukemia
1000218,Colon,I,CELL_218,Colorectal
1000219,Skin,III,CELL_219,Melanoma
1000220,Breast,II,CELL_220,Adenocarcinoma
1000221,Breast,IV,CELL_221,Adenocarcinoma
1000222,Skin,II,CELL_222,Melanoma
1000223,Colon,IV,CELL_223,Colorectal
1000224,Skin,I,CELL_224,Melanoma
1000225,Colon,II,CELL_225,Colorectal
1000226,Colon,II,CELL_226,Colorectal
1000227,Blood,II,CELL_227,Leukemia
1000228,Breast,I,CELL_228,Adenocarcinoma
1000229,Breast,II,CELL_229,Adenocarcinoma
1000230,Colon,III,CELL_230,Colorectal
1000231,Breast,II,CELL_231,Adenocarcinoma
1000232,Lung,III,CELL_232,NSCLC
1000233,Colon,II,CELL_233,Colorectal
1000234,Breast,IV,CELL_234,Adenocarcinoma
1000235,Lung,IV,CELL_235,NSCLC
1000236,Blood,III,CELL_236,Leukemia
1000237,Breast,II,CELL_237,Adenocarcinoma
1000238,Lung,I,CELL_238,NSCLC
1000239,Skin,IV,CELL_239,Melanoma
1000240,Skin,I,CELL_240,Melanoma
1000241,Lung,II,CELL_241,NSCLC
1000242,Colon,II,CELL_242,Colorectal
1000243,Colon,II,CELL_243,Colorectal
1000244,Breast,II,CELL_244,Adenocarcinoma
1000245,Skin,IV,CELL_245,Melanoma
1000246,Colon,I,CELL_246,Colorectal
1000247,Colon,III,CELL_247,Colorectal
1000248,Skin,I,CELL_248,Melanoma
1000249,Blood,I,CELL_249,Leukemia
1000250,Colon,IV,CELL_250,Colorectal
1000251,Lung,II,CELL_251,NSCLC
1000252,Breast,IV,CELL_252,Adenocarcinoma
1000253,Colon,III,CELL_253,Colorectal
1000254,Colon,I,CELL_254,Colorectal
1000255,Blood,IV,CELL_255,Leukemia
1000256,Lung,II,CELL_256,NSCLC
1000257,Breast,IV,CELL_257,Adenocarcinoma
1000258,Colon,II,CELL_258,Colorectal
1000259,Breast,IV,CELL_259,Adenocarcinoma
1000260,Skin,I,CELL_260,Melanoma
1000261,Colon,III,CELL_261,Colorectal
1000262,Colon,IV,CELL_262,Colorectal
1000263,Skin,IV,CELL_263,Melanoma
1000264,Blood,IV,CELL_264,Leukemia
1000265,Colon,IV,CELL_265,Colorectal
1000266,Breast,IV,CELL_266,Adenocarcinoma
1000267,Lung,II,CELL_267,NSCLC
1000268,Breast,II,CELL_268,Adenocarcinoma
1000269,Blood,II,CELL_269,Leukemia
1000270,Lung,II,CELL_270,NSCLC
1000271,Breast,II,CELL_271,Adenocarcinoma
1000272,Breast,III,CELL_272,Adenocarcinoma
1000273,Skin,II,CELL_273,Melanoma
1000274,Blood,III,CELL_274,Leukemia
1000275,Skin,II,CELL_275,Melanoma
1000276,Lung,II,CELL_276,NSCLC
1000277,Skin,III,CELL_277,Melanoma
1000278,Blood,IV,CELL_278,Leukemia
1000279,Colon,III,CELL_279,Colorectal
1000280,Colon,III,CELL_280,Colorectal
1000281,Lung,II,CELL_281,NSCLC
1000282,Colon,III,CELL_282,Colorectal
1000283,Skin,I,CELL_283,Melanoma
1000284,Lung,II,CELL_284,NSCLC
1000285,Blood,III,CELL_285,Leukemia
1000286,Lung,I,CELL_286,NSCLC
1000287,Lung,II,CELL_287,NSCLC
1000288,Breast,IV,CELL_288,Adenocarcinoma
1000289,Breast,IV,CELL_289,Adenocarcinoma
1000290,Lung,II,CELL_290,NSCLC
1000291,Colon,I,CELL_291,Colorectal
1000292,Breast,II,CELL_292,Adenocarcinoma
1000293,Blood,II,CELL_293,Leukemia
1000294,Skin,IV,CELL_294,Melanoma
1000295,Breast,I,CELL_295,Adenocarcinoma
1000296,Lung,IV,CELL_296,NSCLC
1000297,Colon,I,CELL_297,Colorectal
1000298,Skin,IV,CELL_298,Melanoma
1000299,Breast,II,CELL_299,Adenocarcinoma
1000300,Colon,IV,CELL_300,Colorectal
1000301,Colon,II,CELL_301,Colorectal
1000302,Colon,III,CELL_302,Colorectal
1000303,Lung,II,CELL_303,NSCLC
1000304,Blood,I,CELL_304,Leukemia
1000305,Colon,IV,CELL_305,Colorectal
1000306,Skin,IV,CELL_306,Melanoma
1000307,Breast,IV,CELL_307,Adenocarcinoma
1000308,Skin,III,CELL_308,Melanoma
1000309,Lung,IV,CELL_309,NSCLC
1000310,Lung,I,CELL_310,NSCLC
1000311,Skin,II,CELL_311,Melanoma
1000312,Blood,II,CELL_312,Leukemia
1000313,Lung,III,CELL_313,NSCLC
1000314,Lung,II,CELL_314,NSCLC
1000315,Skin,I,CELL_315,Melanoma
1000316,Lung,III,CELL_316,NSCLC
1000317,Blood,IV,CELL_317,Leukemia
1000318,Blood,II,CELL_318,Leukemia
1000319,Blood,I,CELL_319,Leukemia
1000320,Breast,II,CELL_320,Adenocarcinoma
1000321,Blood,II,CELL_321,Leukemia
1000322,Blood,II,CELL_322,Leukemia
1000323,Breast,III,CELL_323,Adenocarcinoma
1000324,Colon,III,CELL_324,Colorectal
1000325,Lung,III,CELL_325,NSCLC
1000326,Blood,II,CELL_326,Leukemia
1000327,Lung,IV,CELL_327,NSCLC
1000328,Skin,II,CELL_328,Melanoma
1000329,Lung,III,CELL_329,NSCLC
1000330,Breast,IV,CELL_330,Adenocarcinoma
1000331,Lung,II,CELL_331,NSCLC
1000332,Lung,I,CELL_332,NSCLC
1000333,Lung,IV,CELL_333,NSCLC
1000334,Colon,II,CELL_334,Colorectal
1000335,Colon,III,CELL_335,Colorectal
1000336,Skin,I,CELL_336,Melanoma
1000337,Breast,III,CELL_337,Adenocarcinoma
1000338,Lung,II,CELL_338,NSCLC
1000339,Lung,I,CELL_339,NSCLC
1000340,Lung,III,CELL_340,NSCLC
1000341,Lung,II,CELL_341,NSCLC
1000342,Colon,II,CELL_342,Colorectal
1000343,Skin,I,CELL_343,Melanoma
1000344,Blood,I,CELL_344,Leukemia
1000345,Breast,II,CELL_345,Adenocarcinoma
1000346,Lung,I,CELL_346,NSCLC
1000347,Skin,IV,CELL_347,Melanoma
1000348,Blood,I,CELL_348,Leukemia
1000349,Skin,III,CELL_349,Melanoma
1000350,Colon,I,CELL_350,Colorectal
1000351,Blood,II,CELL_351,Leukemia
1000352,Skin,IV,CELL_352,Melanoma
1000353,Colon,II,CELL_353,Colorectal
1000354,Skin,IV,CELL_354,Melanoma
1000355,Skin,II,CELL_355,Melanoma
1000356,Blood,III,CELL_356,Leukemia
1000357,Colon,III,CELL_357,Colorectal
1000358,Lung,IV,CELL_358,NSCLC
1000359,Breast,III,CELL_359,Adenocarcinoma
1000360,Blood,III,CELL_360,Leukemia
1000361,Colon,II,CELL_361,Colorectal
1000362,Skin,II,CELL_362,Melanoma
1000363,Colon,IV,CELL_363,Colorectal
1000364,Breast,II,CELL_364,Adenocarcinoma
1000365,Breast,II,CELL_365,Adenocarcinoma
1000366,Lung,IV,CELL_366,NSCLC
1000367,Lung,II,CELL_367,NSCLC
1000368,Breast,IV,CELL_368,Adenocarcinoma
1000369,Blood,III,CELL_369,Leukemia
1000370,Blood,III,CELL_370,Leukemia
1000371,Skin,IV,CELL_371,Melanoma
1000372,Lung,I,CELL_372,NSCLC
1000373,Skin,II,CELL_373,Melanoma
1000374,Lung,III,CELL_374,NSCLC
1000375,Breast,II,CELL_375,Adenocarcinoma
1000376,Blood,III,CELL_376,Leukemia
1000377,Blood,IV,CELL_377,Leukemia
1000378,Breast,III,CELL_378,Adenocarcinoma
1000379,Skin,II,CELL_379,Melanoma
1000380,Skin,IV,CELL_380,Melanoma
1000381,Colon,III,CELL_381,Colorectal
1000382,Lung,III,CELL_382,NSCLC
1000383,Skin,II,CELL_383,Melanoma
1000384,Breast,IV,CELL_384,Adenocarcinoma
1000385,Skin,III,CELL_385,Melanoma
1000386,Blood,IV,CELL_386,Leukemia
1000387,Lung,IV,CELL_387,NSCLC
1000388,Colon,II,CELL_388,Colorectal
1000389,Lung,III,CELL_389,NSCLC
1000390,Blood,IV,CELL_390,Leukemia
1000391,Blood,II,CELL_391,Leukemia
1000392,Blood,IV,CELL_392,Leukemia
1000393,Blood,IV,CELL_393,Leukemia
1000394,Breast,III,CELL_394,Adenocarcinoma
1000395,Colon,III,CELL_395,Colorectal
1000396,Blood,IV,CELL_396,Leukemia
1000397,Blood,IV,CELL_397,Leukemia
1000398,Skin,II,CELL_398,Melanoma
1000399,Colon,I,CELL_399,Colorectal
1000400,Lung,III,CELL_400,NSCLC
1000401,Colon,III,CELL_401,Colorectal
1000402,Colon,III,CELL_402,Colorectal
1000403,Colon,III,CELL_403,Colorectal
1000404,Blood,II,CELL_404,Leukemia
1000405,Blood,III,CELL_405,Leukemia
1000406,Breast,II,CELL_406,Adenocarcinoma
1000407,Lung,III,CELL_407,NSCLC
1000408,Skin,III,CELL_408,Melanoma
1000409,Colon,II,CELL_409,Colorectal
1000410,Lung,II,CELL_410,NSCLC
1000411,Lung,III,CELL_411,NSCLC
1000412,Breast,III,CELL_412,Adenocarcinoma
1000413,Skin,II,CELL_413,Melanoma
1000414,Colon,IV,CELL_414,Colorectal
1000415,Skin,III,CELL_415,Melanoma
1000416,Breast,IV,CELL_416,Adenocarcinoma
1000417,Blood,III,CELL_417,Leukemia
1000418,Lung,III,CELL_418,NSCLC
1000419,Colon,IV,CELL_419,Colorectal
1000420,Blood,III,CELL_420,Leukemia
1000421,Breast,III,CELL_421,Adenocarcinoma
1000422,Skin,II,CELL_422,Melanoma
1000423,Lung,III,CELL_423,NSCLC
1000424,Colon,I,CELL_424,Colorectal
1000425,Blood,II,CELL_425,Leukemia
1000426,Blood,I,CELL_426,Leukemia
1000427,Lung,I,CELL_427,NSCLC
1000428,Skin,IV,CELL_428,Melanoma
1000429,Breast,II,CELL_429,Adenocarcinoma
1000430,Skin,III,CELL_430,Melanoma
1000431,Skin,IV,CELL_431,Melanoma
1000432,Skin,III,CELL_432,Melanoma
1000433,Lung,II,CELL_433,NSCLC
1000434,Lung,III,CELL_434,NSCLC
1000435,Breast,III,CELL_435,Adenocarcinoma
1000436,Skin,III,CELL_436,Melanoma
1000437,Lung,IV,CELL_437,NSCLC
1000438,Breast,IV,CELL_438,Adenocarcinoma
1000439,Breast,III,CELL_439,Adenocarcinoma
1000440,Skin,II,CELL_440,Melanoma
1000441,Colon,III,CELL_441,Colorectal
1000442,Skin,I,CELL_442,Melanoma
1000443,Colon,IV,CELL_443,Colorectal
1000444,Breast,I,CELL_444,Adenocarcinoma
1000445,Lung,II,CELL_445,NSCLC
1000446,Blood,IV,CELL_446,Leukemia
1000447,Breast,III,CELL_447,Adenocarcinoma
1000448,Lung,II,CELL_448,NSCLC
1000449,Breast,III,CELL_449,Adenocarcinoma
1000450,Skin,IV,CELL_450,Melanoma
1000451,Colon,II,CELL_451,Colorectal
1000452,Breast,IV,CELL_452,Adenocarcinoma
1000453,Lung,I,CELL_453,NSCLC
1000454,Skin,IV,CELL_454,Melanoma
1000455,Blood,IV,CELL_455,Leukemia
1000456,Skin,II,CELL_456,Melanoma
1000457,Colon,III,CELL_457,Colorectal
1000458,Skin,II,CELL_458,Melanoma
1000459,Blood,III,CELL_459,Leukemia
1000460,Lung,III,CELL_460,NSCLC
1000461,Breast,III,CELL_461,Adenocarcinoma
1000462,Colon,II,CELL_462,Colorectal
1000463,Blood,II,CELL_463,Leukemia
1000464,Colon,I,CELL_464,Colorectal
1000465,Skin,II,CELL_465,Melanoma
1000466,Colon,III,CELL_466,Colorectal
1000467,Blood,IV,CELL_467,Leukemia
1000468,Breast,III,CELL_468,Adenocarcinoma
1000469,Breast,III,CELL_469,Adenocarcinoma
1000470,Colon,IV,CELL_470,Colorectal
1000471,Lung,III,CELL_471,NSCLC
1000472,Colon,IV,CELL_472,Colorectal
1000473,Skin,III,CELL_473,Melanoma
1000474,Breast,II,CELL_474,Adenocarcinoma
1000475,Breast,I,CELL_475,Adenocarcinoma
1000476,Breast,III,CELL_476,Adenocarcinoma
1000477,Lung,I,CELL_477,NSCLC
1000478,Lung,II,CELL_478,NSCLC
1000479,Blood,III,CELL_479,Leukemia
1000480,Colon,III,CELL_480,Colorectal
1000481,Colon,III,CELL_481,Colorectal
1000482,Skin,II,CELL_482,Melanoma
1000483,Breast,II,CELL_483,Adenocarcinoma
1000484,Lung,III,CELL_484,NSCLC
1000485,Skin,IV,CELL_485,Melanoma
1000486,Skin,III,CELL_486,Melanoma
1000487,Lung,IV,CELL_487,NSCLC
1000488,Colon,IV,CELL_488,Colorectal
1000489,Breast,III,CELL_489,Adenocarcinoma
1000490,Colon,II,CELL_490,Colorectal
1000491,Skin,III,CELL_491,Melanoma
1000492,Breast,III,CELL_492,Adenocarcinoma
1000493,Blood,III,CELL_493,Leukemia
1000494,Skin,III,CELL_494,Melanoma
1000495,Colon,III,CELL_495,Colorectal
1000496,Colon,II,CELL_496,Colorectal
1000497,Colon,III,CELL_497,Colorectal
1000498,Lung,II,CELL_498,NSCLC
1000499,Skin,IV,CELL_499,Melanoma
1000500,Breast,II,CELL_500,Adenocarcinoma
1000501,Colon,I,CELL_501,Colorectal
1000502,Colon,III,CELL_502,Colorectal
1000503,Lung,III,CELL_503,NSCLC
1000504,Breast,III,CELL_504,Adenocarcinoma
1000505,Skin,II,CELL_505,Melanoma
1000506,Blood,III,CELL_506,Leukemia
1000507,Lung,II,CELL_507,NSCLC
1000508,Skin,IV,CELL_508,Melanoma
1000509,Blood,IV,CELL_509,Leukemia
1000510,Colon,III,CELL_510,Colorectal
1000511,Colon,II,CELL_511,Colorectal
1000512,Breast,III,CELL_512,Adenocarcinoma
1000513,Blood,I,CELL_513,Leukemia
1000514,Colon,III,CELL_514,Colorectal
1000515,Colon,II,CELL_515,Colorectal
1000516,Breast,IV,CELL_516,Adenocarcinoma
1000517,Skin,I,CELL_517,Melanoma
1000518,Colon,III,CELL_518,Colorectal
1000519,Lung,III,CELL_519,NSCLC
1000520,Lung,III,CELL_520,NSCLC
1000521,Skin,I,CELL_521,Melanoma
1000522,Blood,IV,CELL_522,Leukemia
1000523,Breast,III,CELL_523,Adenocarcinoma
1000524,Lung,III,CELL_524,NSCLC
1000525,Lung,II,CELL_525,NSCLC
1000526,Skin,III,CELL_526,Melanoma
1000527,Blood,III,CELL_527,Leukemia
1000528,Blood,I,CELL_528,Leukemia
1000529,Skin,I,CELL_529,Melanoma
1000530,Lung,IV,CELL_530,NSCLC
1000531,Breast,II,CELL_531,Adenocarcinoma
1000532,Lung,II,CELL_532,NSCLC
1000533,Blood,III,CELL_533,Leukemia
1000534,Lung,IV,CELL_534,NSCLC
1000535,Breast,I,CELL_535,Adenocarcinoma
1000536,Colon,III,CELL_536,Colorectal
1000537,Lung,I,CELL_537,NSCLC
1000538,Skin,I,CELL_538,Melanoma
1000539,Colon,I,CELL_539,Colorectal
1000540,Skin,IV,CELL_540,Melanoma
1000541,Skin,I,CELL_541,Melanoma
1000542,Skin,I,CELL_542,Melanoma
1000543,Lung,III,CELL_543,NSCLC
1000544,Blood,IV,CELL_544,Leukemia
1000545,Colon,II,CELL_545,Colorectal
1000546,Breast,III,CELL_546,Adenocarcinoma
1000547,Blood,I,CELL_547,Leukemia
1000548,Lung,III,CELL_548,NSCLC
1000549,Skin,III,CELL_549,Melanoma
1000550,Breast,III,CELL_550,Adenocarcinoma
1000551,Colon,II,CELL_551,Colorectal
1000552,Blood,II,CELL_552,Leukemia
1000553,Blood,I,CELL_553,Leukemia
1000554,Breast,II,CELL_554,Adenocarcinoma
1000555,Lung,I,CELL_555,NSCLC
1000556,Colon,IV,CELL_556,Colorectal
1000557,Breast,IV,CELL_557,Adenocarcinoma
1000558,Skin,IV,CELL_558,Melanoma
1000559,Colon,IV,CELL_559,Colorectal
1000560,Blood,III,CELL_560,Leukemia
1000561,Breast,III,CELL_561,Adenocarcinoma
1000562,Blood,II,CELL_562,Leukemia
1000563,Blood,III,CELL_563,Leukemia
1000564,Blood,III,CELL_564,Leukemia
1000565,Lung,III,CELL_565,NSCLC
1000566,Blood,IV,CELL_566,Leukemia
1000567,Skin,II,CELL_567,Melanoma
1000568,Skin,II,CELL_568,Melanoma
1000569,Colon,IV,CELL_569,Colorectal
1000570,Blood,I,CELL_570,Leukemia
1000571,Blood,III,CELL_571,Leukemia
1000572,Breast,IV,CELL_572,Adenocarcinoma
1000573,Lung,III,CELL_573,NSCLC
1000574,Colon,III,CELL_574,Colorectal
1000575,Blood,II,CELL_575,Leukemia
1000576,Breast,II,CELL_576,Adenocarcinoma
1000577,Lung,IV,CELL_577,NSCLC
1000578,Colon,III,CELL_578,Colorectal
1000579,Colon,III,CELL_579,Colorectal
1000580,Blood,I,CELL_580,Leukemia
1000581,Colon,I,CELL_581,Colorectal
1000582,Breast,IV,CELL_582,Adenocarcinoma
1000583,Colon,II,CELL_583,Colorectal
1000584,Skin,III,CELL_584,Melanoma
1000585,Breast,I,CELL_585,Adenocarcinoma
1000586,Lung,III,CELL_586,NSCLC
1000587,Lung,IV,CELL_587,NSCLC
1000588,Blood,III,CELL_588,Leukemia
1000589,Blood,I,CELL_589,Leukemia
1000590,Skin,III,CELL_590,Melanoma
1000591,Lung,IV,CELL_591,NSCLC
1000592,Lung,III,CELL_592,NSCLC
1000593,Lung,IV,CELL_593,NSCLC
1000594,Lung,III,CELL_594,NSCLC
1000595,Colon,IV,CELL_595,Colorectal
1000596,Breast,III,CELL_596,Adenocarcinoma
1000597,Breast,I,CELL_597,Adenocarcinoma
1000598,Skin,II,CELL_598,Melanoma
1000599,Colon,II,CELL_599,Colorectal
1000600,Lung,IV,CELL_600,NSCLC
1000601,Lung,IV,CELL_601,NSCLC
1000602,Blood,III,CELL_602,Leukemia
1000603,Blood,II,CELL_603,Leukemia
1000604,Skin,II,CELL_604,Melanoma
1000605,Lung,IV,CELL_605,NSCLC
1000606,Skin,III,CELL_606,Melanoma
1000607,Colon,II,CELL_607,Colorectal
1000608,Breast,III,CELL_608,Adenocarcinoma
1000609,Lung,I,CELL_609,NSCLC
1000610,Colon,II,CELL_610,Colorectal
1000611,Lung,III,CELL_611,NSCLC
1000612,Blood,I,CELL_612,Leukemia
1000613,Skin,IV,CELL_613,Melanoma
1000614,Blood,II,CELL_614,Leukemia
1000615,Breast,I,CELL_615,Adenocarcinoma
1000616,Blood,II,CELL_616,Leukemia
1000617,Lung,IV,CELL_617,NSCLC
1000618,Blood,III,CELL_618,Leukemia
1000619,Lung,III,CELL_619,NSCLC
1000620,Breast,I,CELL_620,Adenocarcinoma
1000621,Blood,I,CELL_621,Leukemia
1000622,Skin,III,CELL_622,Melanoma
1000623,Skin,IV,CELL_623,Melanoma
1000624,Skin,IV,CELL_624,Melanoma
1000625,Blood,I,CELL_625,Leukemia
1000626,Blood,III,CELL_626,Leukemia
1000627,Blood,IV,CELL_627,Leukemia
1000628,Lung,II,CELL_628,NSCLC
1000629,Breast,IV,CELL_629,Adenocarcinoma
1000630,Skin,I,CELL_630,Melanoma
1000631,Lung,IV,CELL_631,NSCLC
1000632,Skin,IV,CELL_632,Melanoma
1000633,Lung,IV,CELL_633,NSCLC
1000634,Blood,III,CELL_634,Leukemia
1000635,Skin,II,CELL_635,Melanoma
1000636,Blood,IV,CELL_636,Leukemia
1000637,Skin,II,CELL_637,Melanoma
1000638,Colon,II,CELL_638,Colorectal
1000639,Lung,III,CELL_639,NSCLC
1000640,Colon,IV,CELL_640,Colorectal
1000641,Lung,IV,CELL_641,NSCLC
1000642,Breast,II,CELL_642,Adenocarcinoma
1000643,Skin,IV,CELL_643,Melanoma
1000644,Breast,III,CELL_644,Adenocarcinoma
1000645,Breast,I,CELL_645,Adenocarcinoma
1000646,Lung,II,CELL_646,NSCLC
1000647,Colon,II,CELL_647,Colorectal
1000648,Blood,II,CELL_648,Leukemia
1000649,Lung,IV,CELL_649,NSCLC
1000650,Blood,III,CELL_650,Leukemia
1000651,Breast,III,CELL_651,Adenocarcinoma
1000652,Blood,IV,CELL_652,Leukemia
1000653,Colon,II,CELL_653,Colorectal
1000654,Lung,IV,CELL_654,NSCLC
1000655,Colon,III,CELL_655,Colorectal
1000656,Colon,IV,CELL_656,Colorectal
1000657,Lung,II,CELL_657,NSCLC
1000658,Colon,IV,CELL_658,Colorectal
1000659,Skin,II,CELL_659,Melanoma
1000660,Skin,II,CELL_660,Melanoma
1000661,Skin,IV,CELL_661,Melanoma
1000662,Blood,II,CELL_662,Leukemia
1000663,Colon,III,CELL_663,Colorectal
1000664,Lung,III,CELL_664,NSCLC
1000665,Lung,III,CELL_665,NSCLC
1000666,Blood,II,CELL_666,Leukemia
1000667,Lung,I,CELL_667,NSCLC
1000668,Skin,II,CELL_668,Melanoma
1000669,Colon,III,CELL_669,Colorectal
1000670,Lung,II,CELL_670,NSCLC
1000671,Lung,II,CELL_671,NSCLC
1000672,Breast,II,CELL_672,Adenocarcinoma
1000673,Breast,I,CELL_673,Adenocarcinoma
1000674,Breast,III,CELL_674,Adenocarcinoma
1000675,Colon,IV,CELL_675,Colorectal
1000676,Skin,II,CELL_676,Melanoma
1000677,Skin,III,CELL_677,Melanoma
1000678,Skin,III,CELL_678,Melanoma
1000679,Colon,III,CELL_679,Colorectal
1000680,Colon,III,CELL_680,Colorectal
1000681,Breast,III,CELL_681,Adenocarcinoma
1000682,Lung,III,CELL_682,NSCLC
1000683,Blood,I,CELL_683,Leukemia
1000684,Blood,III,CELL_684,Leukemia
1000685,Lung,III,CELL_685,NSCLC
1000686,Breast,I,CELL_686,Adenocarcinoma
1000687,Lung,II,CELL_687,NSCLC
1000688,Lung,IV,CELL_688,NSCLC
1000689,Blood,III,CELL_689,Leukemia
1000690,Breast,III,CELL_690,Adenocarcinoma
1000691,Colon,IV,CELL_691,Colorectal
1000692,Blood,III,CELL_692,Leukemia
1000693,Colon,III,CELL_693,Colorectal
1000694,Breast,IV,CELL_694,Adenocarcinoma
1000695,Lung,IV,CELL_695,NSCLC
1000696,Skin,III,CELL_696,Melanoma
1000697,Skin,III,CELL_697,Melanoma
1000698,Breast,II,CELL_698,Adenocarcinoma
1000699,Skin,IV,CELL_699,Melanoma
1000700,Colon,III,CELL_700,Colorectal
1000701,Skin,I,CELL_701,Melanoma
1000702,Breast,IV,CELL_702,Adenocarcinoma
1000703,Breast,III,CELL_703,Adenocarcinoma
1000704,Colon,I,CELL_704,Colorectal
1000705,Skin,III,CELL_705,Melanoma
1000706,Skin,III,CELL_706,Melanoma
1000707,Lung,IV,CELL_707,NSCLC
1000708,Blood,II,CELL_708,Leukemia
1000709,Breast,IV,CELL_709,Adenocarcinoma
1000710,Lung,III,CELL_710,NSCLC
1000711,Breast,I,CELL_711,Adenocarcinoma
1000712,Lung,IV,CELL_712,NSCLC
1000713,Blood,III,CELL_713,Leukemia
1000714,Lung,II,CELL_714,NSCLC
1000715,Breast,III,CELL_715,Adenocarcinoma
1000716,Skin,IV,CELL_716,Melanoma
1000717,Breast,II,CELL_717,Adenocarcinoma
1000718,Colon,II,CELL_718,Colorectal
1000719,Colon,I,CELL_719,Colorectal
1000720,Colon,II,CELL_720,Colorectal
1000721,Colon,IV,CELL_721,Colorectal
1000722,Blood,III,CELL_722,Leukemia
1000723,Skin,II,CELL_723,Melanoma
1000724,Skin,II,CELL_724,Melanoma
1000725,Breast,II,CELL_725,Adenocarcinoma
1000726,Lung,IV,CELL_726,NSCLC
1000727,Breast,II,CELL_727,Adenocarcinoma
1000728,Breast,IV,CELL_728,Adenocarcinoma
1000729,Breast,III,CELL_729,Adenocarcinoma
1000730,Breast,II,CELL_730,Adenocarcinoma
1000731,Skin,IV,CELL_731,Melanoma
1000732,Lung,III,CELL_732,NSCLC
1000733,Breast,III,CELL_733,Adenocarcinoma
1000734,Skin,IV,CELL_734,Melanoma
1000735,Breast,I,CELL_735,Adenocarcinoma
1000736,Colon,I,CELL_736,Colorectal
1000737,Breast,III,CELL_737,Adenocarcinoma
1000738,Breast,II,CELL_738,Adenocarcinoma
1000739,Blood,II,CELL_739,Leukemia
1000740,Colon,I,CELL_740,Colorectal
1000741,Lung,I,CELL_741,NSCLC
1000742,Breast,IV,CELL_742,Adenocarcinoma
1000743,Lung,I,CELL_743,NSCLC
1000744,Colon,III,CELL_744,Colorectal
1000745,Breast,III,CELL_745,Adenocarcinoma
1000746,Blood,III,CELL_746,Leukemia
1000747,Skin,I,CELL_747,Melanoma
1000748,Blood,IV,CELL_748,Leukemia
1000749,Blood,I,CELL_749,Leukemia
1000750,Skin,IV,CELL_750,Melanoma
1000751,Skin,IV,CELL_751,Melanoma
1000752,Skin,III,CELL_752,Melanoma
1000753,Breast,III,CELL_753,Adenocarcinoma
1000754,Lung,III,CELL_754,NSCLC
1000755,Lung,II,CELL_755,NSCLC
1000756,Skin,IV,CELL_756,Melanoma
1000757,Blood,IV,CELL_757,Leukemia
1000758,Colon,II,CELL_758,Colorectal
1000759,Skin,III,CELL_759,Melanoma
1000760,Blood,IV,CELL_760,Leukemia
1000761,Blood,IV,CELL_761,Leukemia
1000762,Breast,III,CELL_762,Adenocarcinoma
1000763,Breast,III,CELL_763,Adenocarcinoma
1000764,Lung,II,CELL_764,NSCLC
1000765,Lung,IV,CELL_765,NSCLC
1000766,Colon,I,CELL_766,Colorectal
1000767,Colon,III,CELL_767,Colorectal
1000768,Colon,II,CELL_768,Colorectal
1000769,Colon,II,CELL_769,Colorectal
1000770,Blood,III,CELL_770,Leukemia
1000771,Blood,IV,CELL_771,Leukemia
1000772,Lung,I,CELL_772,NSCLC
1000773,Breast,III,CELL_773,Adenocarcinoma
1000774,Breast,I,CELL_774,Adenocarcinoma
1000775,Skin,II,CELL_775,Melanoma
1000776,Blood,III,CELL_776,Leukemia
1000777,Colon,III,CELL_777,Colorectal
1000778,Colon,II,CELL_778,Colorectal
1000779,Skin,II,CELL_779,Melanoma
1000780,Breast,I,CELL_780,Adenocarcinoma
1000781,Colon,II,CELL_781,Colorectal
1000782,Breast,IV,CELL_782,Adenocarcinoma
1000783,Skin,IV,CELL_783,Melanoma
1000784,Breast,II,CELL_784,Adenocarcinoma
1000785,Breast,III,CELL_785,Adenocarcinoma
1000786,Breast,IV,CELL_786,Adenocarcinoma
1000787,Colon,I,CELL_787,Colorectal
1000788,Lung,IV,CELL_788,NSCLC
1000789,Blood,IV,CELL_789,Leukemia
1000790,Breast,I,CELL_790,Adenocarcinoma
1000791,Breast,II,CELL_791,Adenocarcinoma
1000792,Breast,IV,CELL_792,Adenocarcinoma
1000793,Lung,III,CELL_793,NSCLC
1000794,Skin,I,CELL_794,Melanoma
1000795,Colon,II,CELL_795,Colorectal
1000796,Lung,III,CELL_796,NSCLC
1000797,Breast,III,CELL_797,Adenocarcinoma
1000798,Lung,III,CELL_798,NSCLC
1000799,Lung,IV,CELL_799,NSCLC
1000800,Lung,II,CELL_800,NSCLC
1000801,Skin,III,CELL_801,Melanoma
1000802,Blood,III,CELL_802,Leukemia
1000803,Colon,III,CELL_803,Colorectal
1000804,Skin,II,CELL_804,Melanoma
1000805,Skin,IV,CELL_805,Melanoma
1000806,Blood,IV,CELL_806,Leukemia
1000807,Skin,III,CELL_807,Melanoma
1000808,Lung,III,CELL_808,NSCLC
1000809,Lung,II,CELL_809,NSCLC
1000810,Breast,III,CELL_810,Adenocarcinoma
1000811,Skin,III,CELL_811,Melanoma
1000812,Breast,III,CELL_812,Adenocarcinoma
1000813,Colon,IV,CELL_813,Colorectal
1000814,Lung,III,CELL_814,NSCLC
1000815,Colon,II,CELL_815,Colorectal
1000816,Blood,IV,CELL_816,Leukemia
1000817,Lung,II,CELL_817,NSCLC
1000818,Colon,II,CELL_818,Colorectal
1000819,Blood,II,CELL_819,Leukemia
1000820,Colon,III,CELL_820,Colorectal
1000821,Blood,IV,CELL_821,Leukemia
1000822,Blood,III,CELL_822,Leukemia
1000823,Lung,IV,CELL_823,NSCLC
1000824,Breast,III,CELL_824,Adenocarcinoma
1000825,Blood,II,CELL_825,Leukemia
1000826,Blood,IV,CELL_826,Leukemia
1000827,Lung,II,CELL_827,NSCLC
1000828,Breast,II,CELL_828,Adenocarcinoma
1000829,Skin,III,CELL_829,Melanoma
1000830,Skin,II,CELL_830,Melanoma
1000831,Breast,I,CELL_831,Adenocarcinoma
1000832,Colon,III,CELL_832,Colorectal
1000833,Lung,III,CELL_833,NSCLC
1000834,Breast,III,CELL_834,Adenocarcinoma
1000835,Skin,IV,CELL_835,Melanoma
1000836,Blood,III,CELL_836,Leukemia
1000837,Skin,IV,CELL_837,Melanoma
1000838,Blood,I,CELL_838,Leukemia
1000839,Lung,III,CELL_839,NSCLC
1000840,Blood,IV,CELL_840,Leukemia
1000841,Breast,III,CELL_841,Adenocarcinoma
1000842,Blood,III,CELL_842,Leukemia
1000843,Colon,II,CELL_843,Colorectal
1000844,Breast,I,CELL_844,Adenocarcinoma
1000845,Lung,III,CELL_845,NSCLC
1000846,Breast,II,CELL_846,Adenocarcinoma
1000847,Colon,IV,CELL_847,Colorectal
1000848,Lung,II,CELL_848,NSCLC
1000849,Skin,IV,CELL_849,Melanoma
1000850,Colon,IV,CELL_850,Colorectal
1000851,Lung,II,CELL_851,NSCLC
1000852,Blood,II,CELL_852,Leukemia
1000853,Breast,IV,CELL_853,Adenocarcinoma
1000854,Lung,IV,CELL_854,NSCLC
1000855,Breast,III,CELL_855,Adenocarcinoma
1000856,Blood,II,CELL_856,Leukemia
1000857,Lung,III,CELL_857,NSCLC
1000858,Skin,III,CELL_858,Melanoma
1000859,Colon,II,CELL_859,Colorectal
1000860,Lung,III,CELL_860,NSCLC
1000861,Blood,I,CELL_861,Leukemia
1000862,Lung,I,CELL_862,NSCLC
1000863,Breast,II,CELL_863,Adenocarcinoma
1000864,Lung,II,CELL_864,NSCLC
1000865,Skin,II,CELL_865,Melanoma
1000866,Lung,III,CELL_866,NSCLC
1000867,Colon,II,CELL_867,Colorectal
1000868,Lung,II,CELL_868,NSCLC
1000869,Breast,II,CELL_869,Adenocarcinoma
1000870,Lung,IV,CELL_870,NSCLC
1000871,Skin,III,CELL_871,Melanoma
1000872,Blood,III,CELL_872,Leukemia
1000873,Lung,III,CELL_873,NSCLC
1000874,Lung,IV,CELL_874,NSCLC
1000875,Colon,II,CELL_875,Colorectal
1000876,Skin,III,CELL_876,Melanoma
1000877,Blood,III,CELL_877,Leukemia
1000878,Breast,III,CELL_878,Adenocarcinoma
1000879,Lung,I,CELL_879,NSCLC
1000880,Blood,III,CELL_880,Leukemia
1000881,Breast,I,CELL_881,Adenocarcinoma
1000882,Skin,III,CELL_882,Melanoma
1000883,Skin,III,CELL_883,Melanoma
1000884,Blood,II,CELL_884,Leukemia
1000885,Breast,IV,CELL_885,Adenocarcinoma
1000886,Skin,I,CELL_886,Melanoma
1000887,Blood,IV,CELL_887,Leukemia
1000888,Skin,III,CELL_888,Melanoma
1000889,Skin,II,CELL_889,Melanoma
1000890,Skin,I,CELL_890,Melanoma
1000891,Colon,IV,CELL_891,Colorectal
1000892,Breast,I,CELL_892,Adenocarcinoma
1000893,Blood,II,CELL_893,Leukemia
1000894,Blood,II,CELL_894,Leukemia
1000895,Breast,III,CELL_895,Adenocarcinoma
1000896,Breast,III,CELL_896,Adenocarcinoma
1000897,Breast,I,CELL_897,Adenocarcinoma
1000898,Breast,II,CELL_898,Adenocarcinoma
1000899,Lung,II,CELL_899,NSCLC
1000900,Blood,II,CELL_900,Leukemia
1000901,Lung,III,CELL_901,NSCLC
1000902,Skin,III,CELL_902,Melanoma
1000903,Skin,II,CELL_903,Melanoma
1000904,Blood,II,CELL_904,Leukemia
1000905,Skin,II,CELL_905,Melanoma
1000906,Breast,IV,CELL_906,Adenocarcinoma
1000907,Lung,IV,CELL_907,NSCLC
1000908,Breast,IV,CELL_908,Adenocarcinoma
1000909,Skin,II,CELL_909,Melanoma
1000910,Lung,I,CELL_910,NSCLC
1000911,Breast,II,CELL_911,Adenocarcinoma
1000912,Blood,II,CELL_912,Leukemia
1000913,Breast,III,CELL_913,Adenocarcinoma
1000914,Skin,IV,CELL_914,Melanoma
1000915,Lung,IV,CELL_915,NSCLC
1000916,Blood,IV,CELL_916,Leukemia
1000917,Lung,II,CELL_917,NSCLC
1000918,Blood,III,CELL_918,Leukemia
1000919,Lung,II,CELL_919,NSCLC
1000920,Skin,I,CELL_920,Melanoma
1000921,Blood,III,CELL_921,Leukemia
1000922,Colon,I,CELL_922,Colorectal
1000923,Lung,III,CELL_923,NSCLC
1000924,Lung,II,CELL_924,NSCLC
1000925,Breast,III,CELL_925,Adenocarcinoma
1000926,Blood,IV,CELL_926,Leukemia
1000927,Colon,II,CELL_927,Colorectal
1000928,Skin,IV,CELL_928,Melanoma
1000929,Breast,II,CELL_929,Adenocarcinoma
1000930,Colon,III,CELL_930,Colorectal
1000931,Blood,III,CELL_931,Leukemia
1000932,Colon,III,CELL_932,Colorectal
1000933,Lung,IV,CELL_933,NSCLC
1000934,Lung,II,CELL_934,NSCLC
1000935,Breast,III,CELL_935,Adenocarcinoma
1000936,Blood,III,CELL_936,Leukemia
1000937,Blood,IV,CELL_937,Leukemia
1000938,Colon,II,CELL_938,Colorectal
1000939,Breast,IV,CELL_939,Adenocarcinoma
1000940,Blood,III,CELL_940,Leukemia
1000941,Lung,II,CELL_941,NSCLC
1000942,Colon,III,CELL_942,Colorectal
1000943,Skin,II,CELL_943,Melanoma
1000944,Lung,III,CELL_944,NSCLC
1000945,Breast,IV,CELL_945,Adenocarcinoma
1000946,Blood,III,CELL_946,Leukemia
1000947,Lung,III,CELL_947,NSCLC
1000948,Skin,III,CELL_948,Melanoma
1000949,Skin,I,CELL_949,Melanoma
1000950,Breast,II,CELL_950,Adenocarcinoma
1000951,Lung,III,CELL_951,NSCLC
1000952,Colon,II,CELL_952,Colorectal
1000953,Lung,II,CELL_953,NSCLC
1000954,Skin,III,CELL_954,Melanoma
1000955,Breast,II,CELL_955,Adenocarcinoma
1000956,Breast,II,CELL_956,Adenocarcinoma
1000957,Colon,III,CELL_957,Colorectal
1000958,Breast,I,CELL_958,Adenocarcinoma
1000959,Breast,IV,CELL_959,Adenocarcinoma
1000960,Breast,IV,CELL_960,Adenocarcinoma
1000961,Breast,III,CELL_961,Adenocarcinoma
1000962,Breast,I,CELL_962,Adenocarcinoma
1000963,Skin,IV,CELL_963,Melanoma
1000964,Lung,IV,CELL_964,NSCLC
1000965,Blood,IV,CELL_965,Leukemia
1000966,Breast,I,CELL_966,Adenocarcinoma
1000967,Blood,III,CELL_967,Leukemia
1000968,Blood,IV,CELL_968,Leukemia
1000969,Skin,III,CELL_969,Melanoma
1000970,Breast,III,CELL_970,Adenocarcinoma
1000971,Blood,III,CELL_971,Leukemia
1000972,Breast,III,CELL_972,Adenocarcinoma
1000973,Colon,I,CELL_973,Colorectal
1000974,Colon,III,CELL_974,Colorectal
1000975,Colon,I,CELL_975,Colorectal
1000976,Blood,III,CELL_976,Leukemia
1000977,Colon,II,CELL_977,Colorectal
1000978,Skin,III,CELL_978,Melanoma
1000979,Skin,I,CELL_979,Melanoma
1000980,Blood,III,CELL_980,Leukemia
1000981,Breast,IV,CELL_981,Adenocarcinoma
1000982,Lung,II,CELL_982,NSCLC
1000983,Breast,I,CELL_983,Adenocarcinoma
1000984,Breast,I,CELL_984,Adenocarcinoma
1000985,Breast,IV,CELL_985,Adenocarcinoma
1000986,Breast,III,CELL_986,Adenocarcinoma
1000987,Lung,III,CELL_987,NSCLC
1000988,Colon,I,CELL_988,Colorectal
1000989,Breast,III,CELL_989,Adenocarcinoma
1000990,Skin,IV,CELL_990,Melanoma
1000991,Blood,IV,CELL_991,Leukemia
1000992,Blood,III,CELL_992,Leukemia
1000993,Skin,I,CELL_993,Melanoma
1000994,Breast,I,CELL_994,Adenocarcinoma
1000995,Lung,I,CELL_995,NSCLC
1000996,Colon,II,CELL_996,Colorectal
1000997,Blood,I,CELL_997,Leukemia
1000998,Colon,II,CELL_998,Colorectal
1000999,Lung,II,CELL_999,NSCLC
1001000,Blood,IV,CELL_1000,Leukemia
1001001,Colon,III,CELL_1001,Colorectal
1001002,Lung,IV,CELL_1002,NSCLC
1001003,Colon,III,CELL_1003,Colorectal
1001004,Breast,I,CELL_1004,Adenocarcinoma
1001005,Lung,III,CELL_1005,NSCLC
1001006,Colon,II,CELL_1006,Colorectal
1001007,Breast,III,CELL_1007,Adenocarcinoma
1001008,Breast,II,CELL_1008,Adenocarcinoma
1001009,Lung,IV,CELL_1009,NSCLC
1001010,Skin,II,CELL_1010,Melanoma
1001011,Blood,II,CELL_1011,Leukemia
1001012,Lung,IV,CELL_1012,NSCLC
1001013,Breast,I,CELL_1013,Adenocarcinoma
1001014,Breast,III,CELL_1014,Adenocarcinoma
1001015,Lung,III,CELL_1015,NSCLC
1001016,Skin,IV,CELL_1016,Melanoma
1001017,Blood,IV,CELL_1017,Leukemia
1001018,Colon,IV,CELL_1018,Colorectal
1001019,Lung,I,CELL_1019,NSCLC
1001020,Blood,IV,CELL_1020,Leukemia
1001021,Blood,III,CELL_1021,Leukemia
1001022,Breast,III,CELL_1022,Adenocarcinoma
1001023,Colon,I,CELL_1023,Colorectal
1001024,Lung,III,CELL_1024,NSCLC
1001025,Breast,IV,CELL_1025,Adenocarcinoma
1001026,Breast,IV,CELL_1026,Adenocarcinoma
1001027,Skin,III,CELL_1027,Melanoma
1001028,Blood,I,CELL_1028,Leukemia
1001029,Lung,II,CELL_1029,NSCLC
1001030,Lung,IV,CELL_1030,NSCLC
1001031,Lung,III,CELL_1031,NSCLC
1001032,Breast,III,CELL_1032,Adenocarcinoma
1001033,Skin,I,CELL_1033,Melanoma
1001034,Colon,III,CELL_1034,Colorectal
1001035,Breast,III,CELL_1035,Adenocarcinoma
1001036,Colon,IV,CELL_1036,Colorectal
1001037,Skin,III,CELL_1037,Melanoma
1001038,Blood,II,CELL_1038,Leukemia
1001039,Lung,III,CELL_1039,NSCLC
1001040,Colon,I,CELL_1040,Colorectal
1001041,Breast,IV,CELL_1041,Adenocarcinoma
1001042,Colon,II,CELL_1042,Colorectal
1001043,Blood,III,CELL_1043,Leukemia
1001044,Lung,II,CELL_1044,NSCLC
1001045,Colon,III,CELL_1045,Colorectal
1001046,Blood,III,CELL_1046,Leukemia
1001047,Breast,III,CELL_1047,Adenocarcinoma
1001048,Skin,II,CELL_1048,Melanoma
1001049,Breast,II,CELL_1049,Adenocarcinoma
1001050,Lung,I,CELL_1050,NSCLC
1001051,Breast,III,CELL_1051,Adenocarcinoma
1001052,Breast,I,CELL_1052,Adenocarcinoma
1001053,Breast,III,CELL_1053,Adenocarcinoma
1001054,Breast,IV,CELL_1054,Adenocarcinoma
1001055,Lung,IV,CELL_1055,NSCLC
1001056,Blood,III,CELL_1056,Leukemia
1001057,Colon,III,CELL_1057,Colorectal
1001058,Skin,I,CELL_1058,Melanoma
1001059,Colon,III,CELL_1059,Colorectal
1001060,Colon,IV,CELL_1060,Colorectal
1001061,Skin,II,CELL_1061,Melanoma
1001062,Lung,III,CELL_1062,NSCLC
1001063,Skin,IV,CELL_1063,Melanoma
1001064,Lung,IV,CELL_1064,NSCLC
1001065,Colon,II,CELL_1065,Colorectal
1001066,Lung,III,CELL_1066,NSCLC
1001067,Blood,II,CELL_1067,Leukemia
1001068,Skin,I,CELL_1068,Melanoma
1001069,Blood,IV,CELL_1069,Leukemia
1001070,Colon,IV,CELL_1070,Colorectal
1001071,Skin,IV,CELL_1071,Melanoma
1001072,Colon,I,CELL_1072,Colorectal
1001073,Blood,IV,CELL_1073,Leukemia
1001074,Colon,III,CELL_1074,Colorectal
1001075,Skin,II,CELL_1075,Melanoma
1001076,Skin,III,CELL_1076,Melanoma
1001077,Colon,I,CELL_1077,Colorectal
1001078,Skin,IV,CELL_1078,Melanoma
1001079,Skin,III,CELL_1079,Melanoma
1001080,Colon,II,CELL_1080,Colorectal
1001081,Blood,II,CELL_1081,Leukemia
1001082,Skin,II,CELL_1082,Melanoma
1001083,Skin,I,CELL_1083,Melanoma
1001084,Skin,III,CELL_1084,Melanoma
1001085,Skin,IV,CELL_1085,Melanoma
1001086,Colon,I,CELL_1086,Colorectal
1001087,Blood,I,CELL_1087,Leukemia
1001088,Blood,III,CELL_1088,Leukemia
1001089,Lung,IV,CELL_1089,NSCLC
1001090,Skin,II,CELL_1090,Melanoma
1001091,Skin,II,CELL_1091,Melanoma
1001092,Lung,III,CELL_1092,NSCLC
1001093,Blood,II,CELL_1093,Leukemia
1001094,Breast,I,CELL_1094,Adenocarcinoma
1001095,Breast,III,CELL_1095,Adenocarcinoma
1001096,Blood,III,CELL_1096,Leukemia
1001097,Skin,III,CELL_1097,Melanoma
1001098,Breast,III,CELL_1098,Adenocarcinoma
1001099,Colon,III,CELL_1099,Colorectal
1001100,Colon,II,CELL_1100,Colorectal
1001101,Lung,II,CELL_1101,NSCLC
1001102,Blood,I,CELL_1102,Leukemia
1001103,Blood,I,CELL_1103,Leukemia
1001104,Breast,III,CELL_1104,Adenocarcinoma
1001105,Skin,IV,CELL_1105,Melanoma
1001106,Blood,IV,CELL_1106,Leukemia
1001107,Breast,III,CELL_1107,Adenocarcinoma
1001108,Breast,II,CELL_1108,Adenocarcinoma
1001109,Blood,I,CELL_1109,Leukemia
1001110,Breast,IV,CELL_1110,Adenocarcinoma
1001111,Lung,III,CELL_1111,NSCLC
1001112,Lung,III,CELL_1112,NSCLC
1001113,Blood,IV,CELL_1113,Leukemia
1001114,Skin,III,CELL_1114,Melanoma
1001115,Lung,IV,CELL_1115,NSCLC
1001116,Lung,I,CELL_1116,NSCLC
1001117,Blood,III,CELL_1117,Leukemia
1001118,Colon,IV,CELL_1118,Colorectal
1001119,Breast,II,CELL_1119,Adenocarcinoma
1001120,Lung,III,CELL_1120,NSCLC
1001121,Colon,II,CELL_1121,Colorectal
1001122,Skin,IV,CELL_1122,Melanoma
1001123,Colon,I,CELL_1123,Colorectal
1001124,Blood,III,CELL_1124,Leukemia
1001125,Skin,II,CELL_1125,Melanoma
1001126,Skin,III,CELL_1126,Melanoma
1001127,Colon,II,CELL_1127,Colorectal
1001128,Blood,II,CELL_1128,Leukemia
1001129,Lung,III,CELL_1129,NSCLC
1001130,Colon,IV,CELL_1130,Colorectal
1001131,Lung,II,CELL_1131,NSCLC
1001132,Colon,I,CELL_1132,Colorectal
1001133,Lung,IV,CELL_1133,NSCLC
1001134,Colon,III,CELL_1134,Colorectal
1001135,Skin,IV,CELL_1135,Melanoma
1001136,Breast,I,CELL_1136,Adenocarcinoma
1001137,Skin,III,CELL_1137,Melanoma
1001138,Lung,II,CELL_1138,NSCLC
1001139,Blood,II,CELL_1139,Leukemia
1001140,Skin,III,CELL_1140,Melanoma
1001141,Breast,III,CELL_1141,Adenocarcinoma
1001142,Lung,IV,CELL_1142,NSCLC
1001143,Skin,II,CELL_1143,Melanoma
1001144,Colon,III,CELL_1144,Colorectal
1001145,Blood,III,CELL_1145,Leukemia
1001146,Lung,IV,CELL_1146,NSCLC
1001147,Skin,II,CELL_1147,Melanoma
1001148,Lung,II,CELL_1148,NSCLC
1001149,Colon,II,CELL_1149,Colorectal
1001150,Breast,III,CELL_1150,Adenocarcinoma
1001151,Skin,II,CELL_1151,Melanoma
1001152,Lung,IV,CELL_1152,NSCLC
1001153,Lung,II,CELL_1153,NSCLC
1001154,Lung,IV,CELL_1154,NSCLC
1001155,Breast,I,CELL_1155,Adenocarcinoma
1001156,Lung,III,CELL_1156,NSCLC
1001157,Blood,IV,CELL_1157,Leukemia
1001158,Blood,II,CELL_1158,Leukemia
1001159,Lung,IV,CELL_1159,NSCLC
1001160,Blood,III,CELL_1160,Leukemia
1001161,Skin,IV,CELL_1161,Melanoma
1001162,Blood,III,CELL_1162,Leukemia
1001163,Lung,II,CELL_1163,NSCLC
1001164,Colon,II,CELL_1164,Colorectal
1001165,Skin,II,CELL_1165,Melanoma
1001166,Breast,I,CELL_1166,Adenocarcinoma
1001167,Lung,I,CELL_1167,NSCLC
1001168,Breast,I,CELL_1168,Adenocarcinoma
1001169,Colon,III,CELL_1169,Colorectal
1001170,Breast,IV,CELL_1170,Adenocarcinoma
1001171,Lung,I,CELL_1171,NSCLC
1001172,Lung,I,CELL_1172,NSCLC
1001173,Colon,III,CELL_1173,Colorectal
1001174,Lung,II,CELL_1174,NSCLC
1001175,Colon,I,CELL_1175,Colorectal
1001176,Colon,II,CELL_1176,Colorectal
1001177,Lung,IV,CELL_1177,NSCLC
1001178,Blood,IV,CELL_1178,Leukemia
1001179,Colon,II,CELL_1179,Colorectal
1001180,Lung,III,CELL_1180,NSCLC
1001181,Blood,III,CELL_1181,Leukemia
1001182,Colon,III,CELL_1182,Colorectal
1001183,Blood,III,CELL_1183,Leukemia
1001184,Skin,III,CELL_1184,Melanoma
1001185,Skin,II,CELL_1185,Melanoma
1001186,Blood,I,CELL_1186,Leukemia
1001187,Colon,III,CELL_1187,Colorectal
1001188,Lung,IV,CELL_1188,NSCLC
1001189,Breast,III,CELL_1189,Adenocarcinoma
1001190,Lung,IV,CELL_1190,NSCLC
1001191,Breast,IV,CELL_1191,Adenocarcinoma
1001192,Breast,II,CELL_1192,Adenocarcinoma
1001193,Colon,III,CELL_1193,Colorectal
1001194,Blood,III,CELL_1194,Leukemia
1001195,Lung,IV,CELL_1195,NSCLC
1001196,Blood,IV,CELL_1196,Leukemia
1001197,Skin,III,CELL_1197,Melanoma
1001198,Colon,II,CELL_1198,Colorectal
1001199,Colon,IV,CELL_1199,Colorectal
1001200,Skin,I,CELL_1200,Melanoma
1001201,Lung,IV,CELL_1201,NSCLC
1001202,Skin,IV,CELL_1202,Melanoma
1001203,Lung,II,CELL_1203,NSCLC
1001204,Breast,III,CELL_1204,Adenocarcinoma
1001205,Colon,III,CELL_1205,Colorectal
1001206,Lung,III,CELL_1206,NSCLC
1001207,Blood,II,CELL_1207,Leukemia
1001208,Blood,IV,CELL_1208,Leukemia
1001209,Colon,IV,CELL_1209,Colorectal
1001210,Skin,IV,CELL_1210,Melanoma
1001211,Skin,II,CELL_1211,Melanoma
1001212,Lung,IV,CELL_1212,NSCLC
1001213,Skin,III,CELL_1213,Melanoma
1001214,Colon,II,CELL_1214,Colorectal
1001215,Lung,I,CELL_1215,NSCLC
1001216,Breast,II,CELL_1216,Adenocarcinoma
1001217,Skin,IV,CELL_1217,Melanoma
1001218,Skin,III,CELL_1218,Melanoma
1001219,Lung,III,CELL_1219,NSCLC
1001220,Blood,II,CELL_1220,Leukemia
1001221,Skin,III,CELL_1221,Melanoma
1001222,Colon,I,CELL_1222,Colorectal
1001223,Skin,II,CELL_1223,Melanoma
1001224,Breast,III,CELL_1224,Adenocarcinoma
1001225,Skin,I,CELL_1225,Melanoma
1001226,Blood,IV,CELL_1226,Leukemia
1001227,Skin,II,CELL_1227,Melanoma
1001228,Lung,III,CELL_1228,NSCLC
1001229,Skin,III,CELL_1229,Melanoma
1001230,Blood,III,CELL_1230,Leukemia
1001231,Lung,I,CELL_1231,NSCLC
1001232,Colon,I,CELL_1232,Colorectal
1001233,Lung,IV,CELL_1233,NSCLC
1001234,Breast,II,CELL_1234,Adenocarcinoma
1001235,Lung,IV,CELL_1235,NSCLC
1001236,Colon,IV,CELL_1236,Colorectal
1001237,Skin,II,CELL_1237,Melanoma
1001238,Lung,II,CELL_1238,NSCLC
1001239,Lung,III,CELL_1239,NSCLC
1001240,Lung,IV,CELL_1240,NSCLC
1001241,Lung,IV,CELL_1241,NSCLC
1001242,Colon,III,CELL_1242,Colorectal
1001243,Blood,IV,CELL_1243,Leukemia
1001244,Blood,I,CELL_1244,Leukemia
1001245,Lung,IV,CELL_1245,NSCLC
1001246,Colon,IV,CELL_1246,Colorectal
1001247,Colon,II,CELL_1247,Colorectal
1001248,Lung,II,CELL_1248,NSCLC
1001249,Breast,I,CELL_1249,Adenocarcinoma
1001250,Lung,II,CELL_1250,NSCLC
1001251,Breast,IV,CELL_1251,Adenocarcinoma
1001252,Lung,II,CELL_1252,NSCLC
1001253,Breast,I,CELL_1253,Adenocarcinoma
1001254,Breast,II,CELL_1254,Adenocarcinoma
1001255,Lung,IV,CELL_1255,NSCLC
1001256,Breast,III,CELL_1256,Adenocarcinoma
1001257,Skin,III,CELL_1257,Melanoma
1001258,Blood,II,CELL_1258,Leukemia
1001259,Colon,IV,CELL_1259,Colorectal
1001260,Breast,IV,CELL_1260,Adenocarcinoma
1001261,Breast,II,CELL_1261,Adenocarcinoma
1001262,Colon,I,CELL_1262,Colorectal
1001263,Breast,I,CELL_1263,Adenocarcinoma
1001264,Colon,I,CELL_1264,Colorectal
1001265,Lung,III,CELL_1265,NSCLC
1001266,Skin,IV,CELL_1266,Melanoma
1001267,Skin,III,CELL_1267,Melanoma
1001268,Blood,IV,CELL_1268,Leukemia
1001269,Breast,III,CELL_1269,Adenocarcinoma
1001270,Blood,III,CELL_1270,Leukemia
1001271,Lung,III,CELL_1271,NSCLC
1001272,Skin,II,CELL_1272,Melanoma
1001273,Lung,II,CELL_1273,NSCLC
1001274,Lung,III,CELL_1274,NSCLC
1001275,Breast,I,CELL_1275,Adenocarcinoma
1001276,Lung,II,CELL_1276,NSCLC
1001277,Skin,III,CELL_1277,Melanoma
1001278,Blood,IV,CELL_1278,Leukemia
1001279,Skin,III,CELL_1279,Melanoma
1001280,Breast,IV,CELL_1280,Adenocarcinoma
1001281,Skin,III,CELL_1281,Melanoma
1001282,Colon,IV,CELL_1282,Colorectal
1001283,Blood,III,CELL_1283,Leukemia
1001284,Colon,IV,CELL_1284,Colorectal
1001285,Colon,III,CELL_1285,Colorectal
1001286,Breast,III,CELL_1286,Adenocarcinoma
1001287,Lung,III,CELL_1287,NSCLC
1001288,Colon,III,CELL_1288,Colorectal
1001289,Skin,I,CELL_1289,Melanoma
1001290,Lung,I,CELL_1290,NSCLC
1001291,Skin,I,CELL_1291,Melanoma
1001292,Skin,IV,CELL_1292,Melanoma
1001293,Lung,II,CELL_1293,NSCLC
1001294,Lung,II,CELL_1294,NSCLC
1001295,Skin,III,CELL_1295,Melanoma
1001296,Breast,II,CELL_1296,Adenocarcinoma
1001297,Blood,III,CELL_1297,Leukemia
1001298,Blood,II,CELL_1298,Leukemia
1001299,Breast,IV,CELL_1299,Adenocarcinoma
1001300,Lung,IV,CELL_1300,NSCLC
1001301,Skin,IV,CELL_1301,Melanoma
1001302,Blood,III,CELL_1302,Leukemia
1001303,Skin,IV,CELL_1303,Melanoma
1001304,Breast,I,CELL_1304,Adenocarcinoma
1001305,Skin,I,CELL_1305,Melanoma
1001306,Breast,I,CELL_1306,Adenocarcinoma
1001307,Lung,III,CELL_1307,NSCLC
1001308,Breast,III,CELL_1308,Adenocarcinoma
1001309,Breast,III,CELL_1309,Adenocarcinoma
1001310,Blood,I,CELL_1310,Leukemia
1001311,Skin,III,CELL_1311,Melanoma
1001312,Blood,III,CELL_1312,Leukemia
1001313,Colon,III,CELL_1313,Colorectal
1001314,Breast,III,CELL_1314,Adenocarcinoma
1001315,Colon,II,CELL_1315,Colorectal
1001316,Blood,IV,CELL_1316,Leukemia
1001317,Skin,III,CELL_1317,Melanoma
1001318,Blood,II,CELL_1318,Leukemia
1001319,Skin,II,CELL_1319,Melanoma
1001320,Skin,III,CELL_1320,Melanoma
1001321,Lung,IV,CELL_1321,NSCLC
1001322,Breast,III,CELL_1322,Adenocarcinoma
1001323,Blood,II,CELL_1323,Leukemia
1001324,Skin,IV,CELL_1324,Melanoma
1001325,Blood,III,CELL_1325,Leukemia
1001326,Blood,III,CELL_1326,Leukemia
1001327,Skin,III,CELL_1327,Melanoma
1001328,Colon,II,CELL_1328,Colorectal
1001329,Breast,III,CELL_1329,Adenocarcinoma
1001330,Breast,II,CELL_1330,Adenocarcinoma
1001331,Lung,IV,CELL_1331,NSCLC
1001332,Lung,III,CELL_1332,NSCLC
1001333,Lung,III,CELL_1333,NSCLC
1001334,Breast,III,CELL_1334,Adenocarcinoma
1001335,Colon,IV,CELL_1335,Colorectal
1001336,Breast,IV,CELL_1336,Adenocarcinoma
1001337,Breast,III,CELL_1337,Adenocarcinoma
1001338,Breast,III,CELL_1338,Adenocarcinoma
1001339,Breast,III,CELL_1339,Adenocarcinoma
1001340,Colon,III,CELL_1340,Colorectal
1001341,Lung,II,CELL_1341,NSCLC
1001342,Blood,III,CELL_1342,Leukemia
1001343,Lung,II,CELL_1343,NSCLC
1001344,Lung,IV,CELL_1344,NSCLC
1001345,Blood,II,CELL_1345,Leukemia
1001346,Breast,IV,CELL_1346,Adenocarcinoma
1001347,Colon,III,CELL_1347,Colorectal
1001348,Colon,III,CELL_1348,Colorectal
1001349,Lung,III,CELL_1349,NSCLC
1001350,Blood,I,CELL_1350,Leukemia
1001351,Skin,II,CELL_1351,Melanoma
1001352,Breast,I,CELL_1352,Adenocarcinoma
1001353,Lung,III,CELL_1353,NSCLC
1001354,Colon,III,CELL_1354,Colorectal
1001355,Blood,IV,CELL_1355,Leukemia
1001356,Blood,II,CELL_1356,Leukemia
1001357,Lung,II,CELL_1357,NSCLC
1001358,Skin,III,CELL_1358,Melanoma
1001359,Colon,IV,CELL_1359,Colorectal
1001360,Lung,III,CELL_1360,NSCLC
1001361,Skin,III,CELL_1361,Melanoma
1001362,Blood,III,CELL_1362,Leukemia
1001363,Breast,I,CELL_1363,Adenocarcinoma
1001364,Colon,IV,CELL_1364,Colorectal
1001365,Colon,III,CELL_1365,Colorectal
1001366,Skin,II,CELL_1366,Melanoma
1001367,Lung,III,CELL_1367,NSCLC
1001368,Blood,I,CELL_1368,Leukemia
1001369,Skin,IV,CELL_1369,Melanoma
1001370,Breast,II,CELL_1370,Adenocarcinoma
1001371,Breast,III,CELL_1371,Adenocarcinoma
1001372,Breast,II,CELL_1372,Adenocarcinoma
1001373,Skin,III,CELL_1373,Melanoma
1001374,Blood,IV,CELL_1374,Leukemia
1001375,Colon,III,CELL_1375,Colorectal
1001376,Lung,III,CELL_1376,NSCLC
1001377,Colon,IV,CELL_1377,Colorectal
1001378,Blood,I,CELL_1378,Leukemia
1001379,Colon,II,CELL_1379,Colorectal
1001380,Skin,II,CELL_1380,Melanoma
1001381,Breast,IV,CELL_1381,Adenocarcinoma
1001382,Blood,II,CELL_1382,Leukemia
1001383,Blood,III,CELL_1383,Leukemia
1001384,Colon,III,CELL_1384,Colorectal
1001385,Skin,II,CELL_1385,Melanoma
1001386,Colon,II,CELL_1386,Colorectal
1001387,Colon,II,CELL_1387,Colorectal
1001388,Blood,III,CELL_1388,Leukemia
1001389,Colon,II,CELL_1389,Colorectal
1001390,Breast,I,CELL_1390,Adenocarcinoma
1001391,Colon,IV,CELL_1391,Colorectal
1001392,Breast,IV,CELL_1392,Adenocarcinoma
1001393,Blood,II,CELL_1393,Leukemia
1001394,Skin,II,CELL_1394,Melanoma
1001395,Breast,I,CELL_1395,Adenocarcinoma
1001396,Skin,III,CELL_1396,Melanoma
1001397,Skin,IV,CELL_1397,Melanoma
1001398,Breast,I,CELL_1398,Adenocarcinoma
1001399,Blood,II,CELL_1399,Leukemia
1001400,Lung,IV,CELL_1400,NSCLC
1001401,Skin,III,CELL_1401,Melanoma
1001402,Skin,I,CELL_1402,Melanoma
1001403,Blood,III,CELL_1403,Leukemia
1001404,Blood,II,CELL_1404,Leukemia
1001405,Colon,II,CELL_1405,Colorectal
1001406,Blood,IV,CELL_1406,Leukemia
1001407,Skin,IV,CELL_1407,Melanoma
1001408,Breast,III,CELL_1408,Adenocarcinoma
1001409,Lung,IV,CELL_1409,NSCLC
1001410,Colon,III,CELL_1410,Colorectal
1001411,Breast,IV,CELL_1411,Adenocarcinoma
1001412,Lung,III,CELL_1412,NSCLC
1001413,Lung,IV,CELL_1413,NSCLC
1001414,Lung,IV,CELL_1414,NSCLC
1001415,Breast,I,CELL_1415,Adenocarcinoma
1001416,Colon,IV,CELL_1416,Colorectal
1001417,Colon,IV,CELL_1417,Colorectal
1001418,Lung,IV,CELL_1418,NSCLC
1001419,Breast,II,CELL_1419,Adenocarcinoma
1001420,Lung,IV,CELL_1420,NSCLC
1001421,Blood,IV,CELL_1421,Leukemia
1001422,Colon,II,CELL_1422,Colorectal
1001423,Skin,IV,CELL_1423,Melanoma
1001424,Lung,I,CELL_1424,NSCLC
1001425,Blood,I,CELL_1425,Leukemia
1001426,Colon,III,CELL_1426,Colorectal
1001427,Breast,III,CELL_1427,Adenocarcinoma
1001428,Colon,III,CELL_1428,Colorectal
1001429,Breast,I,CELL_1429,Adenocarcinoma
1001430,Breast,IV,CELL_1430,Adenocarcinoma
1001431,Lung,I,CELL_1431,NSCLC
1001432,Lung,I,CELL_1432,NSCLC
1001433,Colon,I,CELL_1433,Colorectal
1001434,Blood,III,CELL_1434,Leukemia
1001435,Colon,IV,CELL_1435,Colorectal
1001436,Skin,III,CELL_1436,Melanoma
1001437,Breast,IV,CELL_1437,Adenocarcinoma
1001438,Breast,I,CELL_1438,Adenocarcinoma
1001439,Lung,III,CELL_1439,NSCLC
1001440,Blood,III,CELL_1440,Leukemia
1001441,Lung,III,CELL_1441,NSCLC
1001442,Skin,I,CELL_1442,Melanoma
1001443,Colon,III,CELL_1443,Colorectal
1001444,Colon,III,CELL_1444,Colorectal
1001445,Blood,IV,CELL_1445,Leukemia
1001446,Lung,III,CELL_1446,NSCLC
1001447,Lung,I,CELL_1447,NSCLC
1001448,Skin,III,CELL_1448,Melanoma
1001449,Colon,II,CELL_1449,Colorectal
1001450,Lung,IV,CELL_1450,NSCLC
1001451,Blood,III,CELL_1451,Leukemia
1001452,Colon,II,CELL_1452,Colorectal
1001453,Skin,IV,CELL_1453,Melanoma
1001454,Blood,III,CELL_1454,Leukemia
1001455,Breast,I,CELL_1455,Adenocarcinoma
1001456,Skin,III,CELL_1456,Melanoma
1001457,Blood,II,CELL_1457,Leukemia
1001458,Lung,IV,CELL_1458,NSCLC
1001459,Breast,IV,CELL_1459,Adenocarcinoma
1001460,Skin,IV,CELL_1460,Melanoma
1001461,Lung,III,CELL_1461,NSCLC
1001462,Breast,III,CELL_1462,Adenocarcinoma
1001463,Colon,IV,CELL_1463,Colorectal
1001464,Lung,I,CELL_1464,NSCLC
1001465,Blood,III,CELL_1465,Leukemia
1001466,Skin,III,CELL_1466,Melanoma
1001467,Breast,I,CELL_1467,Adenocarcinoma
1001468,Lung,III,CELL_1468,NSCLC
1001469,Colon,IV,CELL_1469,Colorectal
1001470,Skin,IV,CELL_1470,Melanoma
1001471,Skin,I,CELL_1471,Melanoma
1001472,Lung,I,CELL_1472,NSCLC
1001473,Colon,II,CELL_1473,Colorectal
1001474,Breast,IV,CELL_1474,Adenocarcinoma
1001475,Lung,I,CELL_1475,NSCLC
1001476,Breast,III,CELL_1476,Adenocarcinoma
1001477,Skin,I,CELL_1477,Melanoma
1001478,Breast,III,CELL_1478,Adenocarcinoma
1001479,Colon,II,CELL_1479,Colorectal
1001480,Blood,IV,CELL_1480,Leukemia
1001481,Colon,II,CELL_1481,Colorectal
1001482,Breast,III,CELL_1482,Adenocarcinoma
1001483,Lung,II,CELL_1483,NSCLC
1001484,Skin,III,CELL_1484,Melanoma
1001485,Blood,IV,CELL_1485,Leukemia
1001486,Lung,I,CELL_1486,NSCLC
1001487,Lung,IV,CELL_1487,NSCLC
1001488,Colon,III,CELL_1488,Colorectal
1001489,Breast,I,CELL_1489,Adenocarcinoma
1001490,Colon,III,CELL_1490,Colorectal
1001491,Breast,II,CELL_1491,Adenocarcinoma
1001492,Colon,III,CELL_1492,Colorectal
1001493,Lung,IV,CELL_1493,NSCLC
1001494,Skin,I,CELL_1494,Melanoma
1001495,Breast,III,CELL_1495,Adenocarcinoma
1001496,Blood,IV,CELL_1496,Leukemia
1001497,Blood,IV,CELL_1497,Leukemia
1001498,Lung,III,CELL_1498,NSCLC
1001499,Colon,IV,CELL_1499,Colorectal
